id,group,home_team,away_team,home_goals,away_goals
1,2024-25,Chelsea,Manchester United,3,1
2,2025-26,Arsenal,Tottenham Hotspur,4,0
3,2023-24,Chelsea,Manchester United,1,5
4,2025-26,Arsenal,Tottenham Hotspur,2,0
5,2024-25,Chelsea,Tottenham Hotspur,5,0
6,2022-23,Manchester City,Manchester United,,3
7,2024-25,Arsenal,Tottenham Hotspur,3,2
8,2022-23,Chelsea,Manchester United,2,5
9,2023-24,Manchester City,Liverpool,2,1
10,2023-24,Arsenal,Tottenham Hotspur,5,3
11,2024-25,Arsenal,Tottenham Hotspur,2,1
12,2025-26,Arsenal,Liverpool,5,2
13,2023-24,Arsenal,Liverpool,0,1
14,2025-26,Manchester City,Manchester United,4,0
15,,Arsenal,Tottenham Hotspur,2,1
16,2024-25,Arsenal,Liverpool,1,4
17,2023-24,Chelsea,Manchester United,2,3
18,2025-26,Arsenal,Tottenham Hotspur,4,3
19,2023-24,Chelsea,Tottenham Hotspur,1,2
20,2022-23,Arsenal,Manchester United,1,2
21,2023-24,Arsenal,Liverpool,5,2
22,2025-26,Chelsea,Liverpool,1,5
23,2024-25,Arsenal,Manchester United,0,1
24,2022-23,Manchester City,Tottenham Hotspur,4,4
25,2022-23,Chelsea,Manchester United,4,4
26,,Arsenal,Liverpool,2,5
27,2023-24,Manchester City,Tottenham Hotspur,0,0
28,2023-24,Arsenal,Manchester United,3,0
29,2023-24,Chelsea,Manchester United,0,4
30,2024-25,Chelsea,Tottenham Hotspur,2,0
31,2022-23,Arsenal,Liverpool,1,1
32,2022-23,Manchester City,Tottenham Hotspur,0,3
33,2024-25,Chelsea,Liverpool,1,3
34,2024-25,Manchester City,Manchester United,3,5
35,2022-23,Chelsea,Liverpool,3,2
36,2022-23,Manchester City,Liverpool,,3
37,2023-24,Chelsea,Manchester United,5,4
38,2022-23,Manchester City,Manchester United,2,2
39,2024-25,Manchester City,Tottenham Hotspur,,0
40,2024-25,Arsenal,Tottenham Hotspur,0,1
41,2022-23,Chelsea,Manchester United,0,1
42,2025-26,Chelsea,Manchester United,4,5
43,2023-24,Manchester City,Manchester United,3,4
44,2024-25,Manchester City,Tottenham Hotspur,3,2
45,2022-23,Manchester City,Liverpool,3,1
46,2023-24,Chelsea,Manchester United,4,5
47,2023-24,Arsenal,Liverpool,1,0
48,2025-26,Manchester City,Liverpool,5,5
49,2023-24,Arsenal,Manchester United,2,0
50,2024-25,Manchester City,Liverpool,5,5
51,2025-26,Arsenal,Tottenham Hotspur,1,4
52,2025-26,Chelsea,Liverpool,4,3
53,2022-23,Chelsea,Tottenham Hotspur,0,1
54,,Manchester City,Liverpool,5,0
55,2022-23,Arsenal,Tottenham Hotspur,1,2
56,2023-24,Chelsea,Manchester United,5,0
57,2023-24,Manchester City,Liverpool,5,1
58,2022-23,Arsenal,Liverpool,3,5
59,2022-23,Chelsea,Manchester United,1,0
60,2025-26,Arsenal,Manchester United,5,4
61,2022-23,Manchester City,Liverpool,5,3
62,2025-26,Manchester City,Liverpool,1,4
63,2024-25,Manchester City,Manchester United,5,0
64,2025-26,Arsenal,Liverpool,2,4
65,,Arsenal,Tottenham Hotspur,4,2
66,2024-25,Arsenal,Tottenham Hotspur,0,1
67,2025-26,Arsenal,Liverpool,0,
68,2025-26,Chelsea,Liverpool,0,3
69,2024-25,Manchester City,Liverpool,1,0
70,2023-24,Chelsea,Manchester United,0,4
71,2023-24,Manchester City,Manchester United,5,1
72,2022-23,Chelsea,Tottenham Hotspur,5,2
73,2025-26,Arsenal,Tottenham Hotspur,4,5
74,2025-26,Manchester City,Liverpool,,5
75,2025-26,Manchester City,Liverpool,4,2
76,2024-25,Manchester City,Tottenham Hotspur,3,
77,2025-26,Arsenal,Manchester United,5,
78,2022-23,Arsenal,Tottenham Hotspur,1,0
79,2025-26,Manchester City,Manchester United,1,3
80,2025-26,Arsenal,Manchester United,5,4
81,2025-26,Arsenal,Tottenham Hotspur,5,0
82,2025-26,Manchester City,Liverpool,1,4
83,2024-25,Manchester City,Tottenham Hotspur,3,1
84,2025-26,Chelsea,Tottenham Hotspur,2,4
85,2025-26,Arsenal,Liverpool,0,1
86,2024-25,Chelsea,Liverpool,1,5
87,2024-25,Arsenal,Manchester United,,2
88,2025-26,Arsenal,Manchester United,1,0
89,2024-25,Manchester City,Manchester United,1,0
90,2022-23,Chelsea,Manchester United,1,2
91,2023-24,Manchester City,Liverpool,5,4
92,2024-25,Chelsea,Manchester United,3,2
93,2022-23,Arsenal,Manchester United,2,1
94,2023-24,Arsenal,Tottenham Hotspur,5,1
95,2022-23,Chelsea,Tottenham Hotspur,2,5
96,,Chelsea,Manchester United,1,3
97,2024-25,Chelsea,Manchester United,4,1
98,2023-24,Arsenal,Tottenham Hotspur,2,4
99,2025-26,Chelsea,Liverpool,3,3
100,,Arsenal,Liverpool,4,1
101,2023-24,Manchester City,Liverpool,4,2
102,2023-24,Manchester City,Liverpool,1,4
103,2023-24,Manchester City,Manchester United,5,3
104,2023-24,Arsenal,Liverpool,1,1
105,2022-23,Manchester City,Manchester United,1,1
106,2022-23,Manchester City,Manchester United,0,5
107,2024-25,Arsenal,Manchester United,3,1
108,2023-24,Arsenal,Manchester United,0,2
109,2024-25,Manchester City,Liverpool,3,3
110,2024-25,Manchester City,Tottenham Hotspur,3,
111,2023-24,Manchester City,Liverpool,4,4
112,2022-23,Manchester City,Tottenham Hotspur,3,5
113,2024-25,Chelsea,Tottenham Hotspur,3,2
114,2022-23,Chelsea,Manchester United,5,3
115,2024-25,Manchester City,Tottenham Hotspur,1,4
116,2023-24,Chelsea,Manchester United,0,4
117,2022-23,Chelsea,Tottenham Hotspur,3,2
118,2022-23,Arsenal,Liverpool,4,1
119,2023-24,Arsenal,Tottenham Hotspur,0,5
120,2025-26,Manchester City,Liverpool,3,4
121,2025-26,Chelsea,Liverpool,3,4
122,2023-24,Chelsea,Liverpool,2,5
123,2025-26,Chelsea,Manchester United,5,1
124,2023-24,Manchester City,Liverpool,1,1
125,2025-26,Manchester City,Tottenham Hotspur,0,2
126,2022-23,Arsenal,Tottenham Hotspur,5,4
127,2023-24,Manchester City,Liverpool,0,5
128,2024-25,Arsenal,Tottenham Hotspur,0,3
129,2022-23,Arsenal,Manchester United,3,4
130,2023-24,Chelsea,Manchester United,4,5
131,2025-26,Chelsea,Liverpool,0,2
132,2023-24,Arsenal,Manchester United,2,1
133,2023-24,Arsenal,Manchester United,4,5
134,2023-24,Arsenal,Tottenham Hotspur,5,2
135,2025-26,Manchester City,Liverpool,2,
136,2022-23,Manchester City,Manchester United,2,4
137,2025-26,Manchester City,Liverpool,0,2
138,2023-24,Arsenal,Manchester United,3,4
139,2023-24,Manchester City,Tottenham Hotspur,1,4
140,2023-24,Chelsea,Manchester United,5,3
141,2023-24,Manchester City,Liverpool,3,2
142,2024-25,Manchester City,Liverpool,5,2
143,2024-25,Manchester City,Manchester United,1,2
144,2023-24,Chelsea,Manchester United,,
145,2023-24,Manchester City,Tottenham Hotspur,3,0
146,2024-25,Arsenal,Liverpool,4,3
147,2024-25,Arsenal,Liverpool,5,2
148,2022-23,Manchester City,Liverpool,3,0
149,2025-26,Chelsea,Manchester United,0,0
150,2024-25,Chelsea,Manchester United,,4
151,2024-25,Manchester City,Liverpool,0,4
152,2025-26,Chelsea,Tottenham Hotspur,,2
153,2022-23,Manchester City,Liverpool,3,4
154,2024-25,Arsenal,Liverpool,3,0
155,2023-24,Arsenal,Tottenham Hotspur,2,3
156,2023-24,Chelsea,Manchester United,2,5
157,2025-26,Chelsea,Liverpool,2,1
158,2023-24,Chelsea,Tottenham Hotspur,2,5
159,2025-26,Chelsea,Liverpool,2,0
160,2025-26,Manchester City,Liverpool,1,3
161,2024-25,Manchester City,Liverpool,2,3
162,2022-23,Arsenal,Tottenham Hotspur,4,0
163,2024-25,Chelsea,Liverpool,4,3
164,2024-25,Manchester City,Liverpool,0,3
165,2025-26,Manchester City,Liverpool,4,1
166,2024-25,Chelsea,Liverpool,0,3
167,2025-26,Arsenal,Liverpool,0,2
168,2025-26,Manchester City,Liverpool,,0
169,2023-24,Manchester City,Manchester United,3,3
170,2022-23,Chelsea,Manchester United,,0
171,2024-25,Chelsea,Manchester United,,5
172,2024-25,Arsenal,Manchester United,0,4
173,2022-23,Chelsea,Liverpool,5,2
174,2022-23,Manchester City,Manchester United,3,
175,2022-23,Chelsea,Manchester United,2,0
176,2024-25,Manchester City,Tottenham Hotspur,0,
177,2022-23,Arsenal,Manchester United,0,
178,2024-25,Chelsea,Manchester United,0,3
179,2023-24,Chelsea,Manchester United,2,1
180,2022-23,Manchester City,Tottenham Hotspur,2,3
181,2025-26,Arsenal,Liverpool,1,0
182,2025-26,Chelsea,Liverpool,4,
183,2025-26,Chelsea,Manchester United,3,1
184,2022-23,Manchester City,Manchester United,2,4
185,2025-26,Chelsea,Manchester United,2,2
186,2025-26,Manchester City,Liverpool,1,1
187,2022-23,Arsenal,Manchester United,,3
188,2025-26,Manchester City,Liverpool,1,3
189,2025-26,Chelsea,Tottenham Hotspur,0,2
190,2023-24,Chelsea,Liverpool,0,1
191,2023-24,Manchester City,Liverpool,2,2
192,2025-26,Manchester City,Manchester United,4,1
193,2024-25,Arsenal,Manchester United,2,1
194,2025-26,Arsenal,Manchester United,0,3
195,2024-25,Arsenal,Manchester United,2,3
196,2025-26,Chelsea,Liverpool,5,3
197,2022-23,Chelsea,Tottenham Hotspur,5,3
198,2025-26,Chelsea,Manchester United,0,0
199,2022-23,Chelsea,Manchester United,3,1
200,2024-25,Chelsea,Manchester United,,3
